class_10,count,count_percent,area,area_percent
1:1 갱신,28,1.74,9563.127745034557,0.74
1:1 변화없음,1430,88.88,1211669.9844827391,93.22
N:1 갱신,6,0.37,11519.869313676527,0.89
N:1 변화없음,6,0.37,7612.6107929287255,0.59
소멸,61,3.79,42250.01897362335,3.25
신축,78,4.85,17137.004915497087,1.32
