class_10,count,count_percent,area,area_percent
1:1 갱신,44,1.34,16852.258318710203,1.43
1:1 변화없음,3106,94.49,1126811.9217693629,95.53
1:N 갱신,3,0.09,552.3031600059777,0.05
N:1 갱신,17,0.52,5426.971661176123,0.46
N:N 갱신,13,0.4,7681.98626304715,0.65
소멸,48,1.46,7728.18331977041,0.66
신축,56,1.7,14495.505597004358,1.23
