class_10,count,count_percent,area,area_percent
1:1 갱신,546,11.58,171575.08071531772,10.52
1:1 변화없음,2772,58.79,938183.7812818683,57.55
1:N 갱신,70,1.48,43960.949480481024,2.7
1:N 변화없음,43,0.91,35802.775425676846,2.2
N:1 갱신,139,2.95,53759.492564556815,3.3
N:1 변화없음,582,12.34,227470.31119364302,13.95
N:N 갱신,8,0.17,6393.176763844998,0.39
N:N 변화없음,4,0.08,667.8472154360786,0.04
소멸,462,9.8,121008.23857835568,7.42
신축,89,1.89,31496.51100080088,1.93
