cls_10,count,count_percent,area,area_percent
1:1 FN,8,1.14,1821.166341990159,0.66
1:1 FP,8,1.14,644.5484369770986,0.23
1:1 TP,362,51.79,170086.4919594232,61.54
1:N FN,1,0.14,630.6263999894561,0.23
1:N FP,2,0.29,226.45690345239205,0.08
1:N TP,7,1.0,5180.3344171388035,1.87
FN,71,10.16,11952.04194570107,4.32
FP,43,6.15,7482.38574590126,2.71
N:1 FN,3,0.43,401.8142910134448,0.15
N:1 FP,1,0.14,258.88191855608136,0.09
N:1 TP,188,26.9,76963.10780465335,27.85
N:N TP,5,0.72,730.0040922638897,0.26
