class_10,count,count_percent,area,area_percent
1:1 갱신,146,13.0,153823.9088203316,14.73
1:1 변화없음,504,44.88,454077.79169664794,43.49
1:N 갱신,46,4.1,115948.43531438112,11.1
N:1 갱신,43,3.83,31715.513775118296,3.04
N:1 변화없음,113,10.06,175887.70503252943,16.85
N:N 갱신,10,0.89,36599.500672475886,3.51
소멸,170,15.14,45020.36310506559,4.31
신축,91,8.1,31060.874914743556,2.97
