class_10,count,count_percent,area,area_percent
1:1 갱신,944,3.92,135543.7832292408,3.81
1:1 변화없음,22586,93.81,3318844.84103946,93.2
1:N 갱신,36,0.15,9544.801411772116,0.27
1:N 변화없음,29,0.12,11240.144406769496,0.32
N:1 갱신,127,0.53,20546.16611476011,0.58
N:1 변화없음,39,0.16,13831.794288049663,0.39
N:N 갱신,35,0.15,6397.575447333147,0.18
소멸,159,0.66,19028.234902460834,0.53
신축,121,0.5,25973.272454004386,0.73
