class_10,count,count_percent,area,area_percent
1:1 갱신,2,0.28,126.51744089714416,0.02
1:1 변화없음,686,96.48,536761.2259401318,97.91
소멸,9,1.27,915.245319752689,0.17
신축,14,1.97,10432.241893497601,1.9
