class_10,count,count_percent,area,area_percent
1:1 갱신,212,9.04,132407.70781842375,12.49
1:1 변화없음,552,23.54,337834.9522603421,31.87
1:N 갱신,42,1.79,69542.39260168756,6.56
1:N 변화없음,3,0.13,867.8291619357441,0.08
N:1 갱신,362,15.44,154190.53273329927,14.55
N:1 변화없음,572,24.39,266021.34204581095,25.1
N:N 갱신,18,0.77,4886.025510257613,0.46
N:N 변화없음,6,0.26,3186.128920347348,0.3
소멸,518,22.09,71985.46297539637,6.79
신축,60,2.56,18972.176245029128,1.79
