class_10,count,count_percent,area,area_percent
1:1 갱신,42,6.05,20651.681241894446,7.51
1:1 변화없음,316,45.53,140119.57733033673,50.95
1:N 갱신,3,0.43,874.8408966362922,0.32
1:N 변화없음,7,1.01,5180.335085800385,1.88
N:1 갱신,42,6.05,9383.647909151376,3.41
N:1 변화없음,164,23.63,76524.21857898665,27.82
N:N 변화없음,5,0.72,730.0033927226688,0.27
소멸,66,9.51,11627.30821730546,4.23
신축,49,7.06,9948.171836731832,3.62
