class_10,count,count_percent,area,area_percent
1:1 갱신,652,2.29,108193.15656620984,2.48
1:1 변화없음,26908,94.45,4094391.8740639226,93.88
1:N 갱신,25,0.09,5648.633767896449,0.13
1:N 변화없음,3,0.01,3566.0950528819303,0.08
N:1 갱신,566,1.99,89975.94143882234,2.06
N:N 갱신,81,0.28,19208.02656570205,0.44
소멸,141,0.49,18102.740443954874,0.42
신축,113,0.4,22243.078784993737,0.51
