class_10,count,count_percent,area,area_percent
1:1 갱신,2228,10.72,329616.9104302507,9.51
1:1 변화없음,11456,55.12,1823861.3571584134,52.62
1:N 갱신,56,0.27,23240.797798757492,0.67
1:N 변화없음,12,0.06,4235.432731009414,0.12
N:1 갱신,1357,6.53,228312.71267831227,6.59
N:1 변화없음,4593,22.1,883168.4686150698,25.48
N:N 갱신,40,0.19,10915.991643337149,0.31
N:N 변화없음,38,0.18,7584.884365250245,0.22
소멸,856,4.12,113144.32103954768,3.26
신축,148,0.71,42239.60802820873,1.22
